{
  "name": "waypoints",
  "main": "lib/noframework.waypoints.js",
  "description": "Easily execute a function when you scroll to an element.",
  "ignore": [
    "gulpfile.js",
    "package.json",
    "src",
    "test",
    "testem.json"
  ],
  "devDependencies": {
    "jquery": "~1.11.1",
    "lodash": "~2.4.1",
    "jasmine-jquery": "~1.7.0",
    "zepto": "~1.1.3"
  },
  "homepage": "https://github.com/imakewebthings/waypoints",
  "version": "4.0.0",
  "_release": "4.0.0",
  "_resolution": {
    "type": "version",
    "tag": "4.0.0",
    "commit": "0944e1569dd46a05494c3c056e4328884a739a4f"
  },
  "_source": "git://github.com/imakewebthings/waypoints.git",
  "_target": "~4.0.0",
  "_originalSource": "jquery-waypoints",
  "_direct": true
}